{
    "SVM": {
        "test_accuracy": 0.9041666666666667,
        "val_accuracy": 0.9008333333333334,
        "cv_scores": [
            0.9027777777777778,
            0.8888888888888888,
            0.8972222222222223,
            0.8930555555555556,
            0.8916666666666667
        ],
        "best_params": {
            "kernel": "linear",
            "C": 0.1
        }
    },
    "Random Forest": {
        "test_accuracy": 0.8891666666666667,
        "val_accuracy": 0.8866666666666667,
        "cv_scores": [
            0.8638888888888889,
            0.8777777777777778,
            0.8736111111111111,
            0.8777777777777778,
            0.8736111111111111
        ],
        "best_params": {
            "n_estimators": 100,
            "max_depth": null
        }
    },
    "KNN": {
        "test_accuracy": 0.8183333333333334,
        "val_accuracy": 0.835,
        "cv_scores": [
            0.8208333333333333,
            0.7930555555555555,
            0.8236111111111111,
            0.8180555555555555,
            0.8305555555555556
        ],
        "best_params": {
            "weights": "uniform",
            "n_neighbors": 5
        }
    }
}